proteinName,position,count,lowSupport,entropy,indexSequence,index.incidence,major.incidence,minor.incidence,unique.incidence,totalVariants.incidence,distinctVariant.incidence,multiIndex,host,highestEntropy.position,highestEntropy,averageEntropy
A,1,4214,FALSE,1.972328281,MSTNPKPQR,100,0,0,0,0,0,FALSE,human,66,5.159295108,1.815266029
A,2,4218,FALSE,2.607322822,STNPKPQRK,100,0,0,0,0,0,FALSE,human,66,5.159295108,1.815266029
A,3,4289,FALSE,2.62187568,TNPKPQRKT,55.49079,21.520168,20.33107985,2.657962212,44.50921,10.162389,FALSE,human,66,5.159295108,1.815266029
A,4,4292,FALSE,2.94869674,NPKPQRKTK,52.562912,20.666357,23.69524707,3.075489252,47.43709,11.100196,FALSE,human,66,5.159295108,1.815266029
A,5,4424,FALSE,1.913575291,PKPQRKTKR,76.243225,7.617541,13.74321898,2.39602188,23.75678,16.745956,FALSE,human,66,5.159295108,1.815266029
A,6,4441,FALSE,1.892525354,KPQRKTKRN,76.44675,7.7460027,13.44291839,2.36433246,23.553253,16.347992,FALSE,human,66,5.159295108,1.815266029
A,7,4440,FALSE,1.95146968,PQRKTKRNT,75.74325,7.7927923,14.32432448,2.13963978,24.256758,15.413184,FALSE,human,66,5.159295108,1.815266029
A,8,4506,FALSE,2.970861289,QRKTKRNTN,57.545494,14.403018,25.21083015,2.840657024,42.454506,12.232097,FALSE,human,66,5.159295108,1.815266029
A,9,4564,FALSE,2.93297697,RKTKRNTNR,57.69062,14.636284,24.80280426,2.870289124,42.309376,12.0145,FALSE,human,66,5.159295108,1.815266029
A,10,4621,FALSE,2.93099534,KTKRNTNRR,100,0,0,0,0,0,FALSE,human,66,5.159295108,1.815266029
A,11,4682,FALSE,2.37254651,TKRNTNRRP,63.477146,16.146946,18.4109348,1.964972156,36.522854,10,FALSE,human,66,5.159295108,1.815266029
A,12,4748,FALSE,2.881139708,KRNTNRRPQ,55.117947,15.332772,27.46419586,2.085088401,44.882057,9.103707,FALSE,human,66,5.159295108,1.815266029
A,13,4772,FALSE,2.645087772,RNTNRRPQD,58.172672,14.606035,25.54484538,1.67644592,41.827328,8.316633,FALSE,human,66,5.159295108,1.815266029
A,14,4878,FALSE,2.658806281,NTNRRPQDV,57.933582,13.714637,26.67076655,1.68101681,42.06642,7.94347,FALSE,human,66,5.159295108,1.815266029
A,15,5103,FALSE,2.702149128,TNRRPQDVK,57.88752,13.031549,27.31726444,1.76366844,42.11248,7.910656,FALSE,human,66,5.159295108,1.815266029
A,16,5127,FALSE,2.56270537,NRRPQDVKF,58.86483,13.711722,25.92159118,1.501852968,41.13517,6.9701276,FALSE,human,66,5.159295108,1.815266029
A,17,5207,FALSE,1.563125222,RRPQDVKFP,77.01172,9.141541,12.80967948,1.037065464,22.988285,8.103592,FALSE,human,66,5.159295108,1.815266029
A,18,5421,FALSE,1.54065247,RPQDVKFPG,77.107544,8.891349,13.07876813,0.922339,22.892456,7.8968577,FALSE,human,66,5.159295108,1.815266029
A,19,5440,FALSE,1.552382972,PQDVKFPGG,77.05882,8.860293,13.16176497,0.9191177,22.941177,7.852564,FALSE,human,66,5.159295108,1.815266029
A,20,5442,FALSE,1.596987791,QDVKFPGGG,76.90188,8.857038,13.10180089,1.139286952,23.098125,8.67144,FALSE,human,66,5.159295108,1.815266029
A,21,5457,FALSE,0.972645043,DVKFPGGGQ,87.99707,5.2593,5.515851198,1.227780829,12.002933,16.183207,FALSE,human,66,5.159295108,1.815266029
A,22,5465,FALSE,0.710201488,VKFPGGGQI,92.88198,1.5919487,4.336688007,1.189387095,7.118024,26.73522,FALSE,human,66,5.159295108,1.815266029
A,23,5474,FALSE,0.60804546,KFPGGGQIV,94.42821,0.8586044,3.544026397,1.169163328,5.5717936,34.42623,FALSE,human,66,5.159295108,1.815266029
A,24,5564,FALSE,0.532502866,FPGGGQIVG,95.34508,0.30553558,3.199137432,1.150251648,4.6549244,39.76834,FALSE,human,66,5.159295108,1.815266029
A,25,5569,FALSE,0.49316206,PGGGQIVGG,95.63656,0.30526128,2.891003745,1.16717549,4.3634405,41.563786,FALSE,human,66,5.159295108,1.815266029
A,26,5562,FALSE,0.49556716,GGGQIVGGV,95.59511,0.57533264,2.60697589,1.22258186,4.40489,42.040817,FALSE,human,66,5.159295108,1.815266029
A,27,5579,FALSE,0.485218456,GGQIVGGVY,95.69815,0.34056282,2.832048701,1.129234617,4.301846,40.833332,FALSE,human,66,5.159295108,1.815266029
A,28,5574,FALSE,1.265583479,GQIVGGVYL,73.32257,22.246143,2.96017221,1.471115834,26.67743,8.06994,FALSE,human,66,5.159295108,1.815266029
A,29,5585,FALSE,1.341680769,QIVGGVYLL,72.35452,22.291853,3.88540731,1.468218446,27.645477,8.095856,FALSE,human,66,5.159295108,1.815266029
A,30,5587,FALSE,1.300725871,IVGGVYLLP,72.81188,22.355469,3.43654908,1.396098132,27.188116,7.9657664,FALSE,human,66,5.159295108,1.815266029
A,31,5585,FALSE,1.265849932,VGGVYLLPR,73.14234,22.327663,3.133393,1.396598034,26.857653,7.9333334,FALSE,human,66,5.159295108,1.815266029
A,32,5586,FALSE,1.248603237,GGVYLLPRR,73.165054,22.413176,3.132832055,1.288936584,26.834944,7.338226,FALSE,human,66,5.159295108,1.815266029
A,33,5585,FALSE,1.247956691,GVYLLPRRG,73.26768,22.381378,3.151298128,1.199641901,26.732319,6.965841,FALSE,human,66,5.159295108,1.815266029
A,34,5589,FALSE,1.310397454,VYLLPRRGP,73.16157,21.5781,4.025764762,1.234567872,26.838434,7.133333,FALSE,human,66,5.159295108,1.815266029
A,35,5584,FALSE,1.590296339,YLLPRRGPR,69.78868,20.630373,8.166189074,1.41475649,30.211317,7.5281568,FALSE,human,66,5.159295108,1.815266029
A,36,5589,FALSE,1.746720908,LLPRRGPRL,68.18751,20.486671,9.787081648,1.538736768,31.812489,7.817773,FALSE,human,66,5.159295108,1.815266029
A,37,5595,FALSE,1.008174745,LPRRGPRLG,88.739944,3.2350314,6.720285931,1.304736373,11.260054,18.412699,FALSE,human,66,5.159295108,1.815266029
A,38,5597,FALSE,0.91804133,PRRGPRLGV,89.3693,3.3232088,6.0925496,1.214936688,10.630694,17.815126,FALSE,human,66,5.159295108,1.815266029
A,39,5595,FALSE,1.053992572,RRGPRLGVR,87.93565,3.3065238,7.542448664,1.215370868,12.0643425,16.296295,FALSE,human,66,5.159295108,1.815266029
A,40,5596,FALSE,1.262168179,RGPRLGVRA,85.16798,3.3416727,10.22158686,1.268763468,14.832023,13.9759035,FALSE,human,66,5.159295108,1.815266029
A,41,5591,FALSE,1.96453766,GPRLGVRAT,74.602036,4.2031837,19.47773183,1.717045248,25.397963,10.985915,FALSE,human,66,5.159295108,1.815266029
A,42,5585,FALSE,1.965645484,PRLGVRATR,74.395706,4.2076993,19.67770839,1.718889888,25.6043,10.699301,FALSE,human,66,5.159295108,1.815266029
A,43,5586,FALSE,1.89833304,RLGVRATRK,74.90154,4.4396706,19.01181531,1.646974524,25.098461,10.699001,FALSE,human,66,5.159295108,1.815266029
A,44,5626,FALSE,1.663009195,LGVRATRKT,77.79951,4.9057946,15.97938135,1.315321658,22.200499,10.328262,FALSE,human,66,5.159295108,1.815266029
A,45,5627,FALSE,1.569938127,GVRATRKTS,78.92305,4.922694,14.80362477,1.35063096,21.07695,10.708262,FALSE,human,66,5.159295108,1.815266029
A,46,5624,FALSE,1.590575285,VRATRKTSE,78.71622,4.907539,15.02489348,1.35135144,21.283785,10.776942,FALSE,human,66,5.159295108,1.815266029
A,47,5624,FALSE,1.571226762,RATRKTSER,78.76956,4.907539,15.00711244,1.31578956,21.230442,10.636516,FALSE,human,66,5.159295108,1.815266029
A,48,5631,FALSE,1.467759292,ATRKTSERS,79.91476,4.990233,13.83413246,1.260877285,20.085243,10.61008,FALSE,human,66,5.159295108,1.815266029
A,49,5631,FALSE,1.318892796,TRKTSERSQ,82.09909,5.061268,11.73859015,1.10104777,17.900906,11.210318,FALSE,human,66,5.159295108,1.815266029
A,50,5637,FALSE,0.613905523,RKTSERSQP,94.39418,0.76281714,3.973744968,0.869256717,5.6058187,29.746836,FALSE,human,66,5.159295108,1.815266029
A,51,5651,FALSE,0.628276946,KTSERSQPR,94.284195,0.7432313,4.317819913,0.654751408,5.7158027,26.934984,FALSE,human,66,5.159295108,1.815266029
A,52,5635,FALSE,0.889638552,TSERSQPRG,90.50577,2.8216503,5.927240512,0.745341618,9.494232,18.317757,FALSE,human,66,5.159295108,1.815266029
A,53,5597,FALSE,0.828032514,SERSQPRGR,91.19171,2.9480078,5.00268002,0.857602368,8.8082905,20.486814,FALSE,human,66,5.159295108,1.815266029
A,54,5594,FALSE,0.808977567,ERSQPRGRR,91.47301,2.949589,4.576331754,1.00107252,8.526994,22.012577,FALSE,human,66,5.159295108,1.815266029
A,55,5572,FALSE,0.791281035,RSQPRGRRQ,91.54702,2.9612348,4.325197419,1.166547005,8.452979,22.717623,FALSE,human,66,5.159295108,1.815266029
A,56,5570,FALSE,0.856988282,SQPRGRRQP,90.95152,2.9263914,4.829443464,1.292639112,9.048473,23.015873,FALSE,human,66,5.159295108,1.815266029
A,57,5566,FALSE,0.860277643,QPRGRRQPI,90.909096,2.9464607,4.886812858,1.25763568,9.090909,22.529644,FALSE,human,66,5.159295108,1.815266029
A,58,5567,FALSE,0.83083745,PRGRRQPIP,91.216095,2.9638944,4.562600994,1.25740972,8.783905,23.108383,FALSE,human,66,5.159295108,1.815266029
A,59,5570,FALSE,0.91875351,RGRRQPIPK,90.44883,2.9443448,5.439856321,1.166965865,9.551167,21.992481,FALSE,human,66,5.159295108,1.815266029
A,60,5559,FALSE,1.578397973,GRRQPIPKA,77.71182,9.444144,11.15308497,1.690951524,22.288181,12.348668,FALSE,human,66,5.159295108,1.815266029
A,61,5571,FALSE,1.366398606,RRQPIPKAR,80.75749,9.585353,8.059594277,1.597558811,19.242506,13.619404,FALSE,human,66,5.159295108,1.815266029
A,62,5562,FALSE,2.525423335,RQPIPKARR,54.530746,17.943186,25.24271861,2.283351415,45.469254,7.4337683,FALSE,human,66,5.159295108,1.815266029
A,63,5539,FALSE,3.741551766,QPIPKARRP,34.211952,16.753927,46.14551433,2.888608,65.78805,7.1075735,FALSE,human,66,5.159295108,1.815266029
A,64,5569,FALSE,4.206097392,PIPKARRPE,33.237564,15.388759,47.7823664,3.5913092,66.762436,9.144702,FALSE,human,66,5.159295108,1.815266029
A,65,5586,FALSE,4.179727344,IPKARRPEG,33.22592,15.341926,47.78016429,3.651986988,66.77408,9.061662,FALSE,human,66,5.159295108,1.815266029
A,66,5585,FALSE,4.288383597,PKARRPEGR,32.641003,15.255147,48.21844287,3.885407351,67.35899,9.463052,FALSE,human,66,5.159295108,1.815266029
A,67,5563,FALSE,5.159295108,KARRPEGRT,21.37336,13.71562,59.715982,5.195038857,78.62664,10.791038,FALSE,human,66,5.159295108,1.815266029
A,68,5564,FALSE,5.080293209,ARRPEGRTW,21.675053,13.767074,59.88497555,4.67289732,78.32494,9.981643,FALSE,human,66,5.159295108,1.815266029
A,69,5573,FALSE,4.918043695,RRPEGRTWA,22.357796,13.744842,59.75237731,4.144984536,77.642204,9.174948,FALSE,human,66,5.159295108,1.815266029
A,70,5570,FALSE,5.000342073,RPEGRTWAQ,16.351885,13.608618,65.87432631,4.165170472,83.64812,9.456647,FALSE,human,66,5.159295108,1.815266029
A,71,5600,FALSE,4.315359723,PEGRTWAQP,24.571428,17.482141,54.7321431,3.21428556,75.428566,7.339015,FALSE,human,66,5.159295108,1.815266029
A,72,5625,FALSE,3.43188766,EGRSWAQPG,29.866665,26.453335,41.31555697,2.364444474,70.13333,5.5006337,FALSE,human,66,5.159295108,1.815266029
A,73,5625,FALSE,3.04216184,GRSWAQPGY,32.835556,28,37.38666608,1.7777778,67.164444,4.4732666,FALSE,human,66,5.159295108,1.815266029
A,74,5628,FALSE,3.096229578,RSWAQPGYP,32.498222,27.914003,37.81094423,1.7768301,67.50178,4.632798,FALSE,human,66,5.159295108,1.815266029
A,75,5626,FALSE,3.000201533,SWAQPGYPW,32.669746,28.261644,37.4688944,1.59971553,67.33025,4.250264,FALSE,human,66,5.159295108,1.815266029
A,76,5641,FALSE,1.3628786,WAQPGYPWP,80.55309,8.012763,10.38822875,1.045913827,19.446907,9.206928,FALSE,human,66,5.159295108,1.815266029
A,77,5636,FALSE,1.419828911,AQPGYPWPL,80.127754,7.966643,10.75230684,1.1533002,19.87225,9.732142,FALSE,human,66,5.159295108,1.815266029
A,78,5628,FALSE,1.254600416,QPGYPWPLY,82.30277,7.960199,8.688699457,1.048329759,17.69723,9.638554,FALSE,human,66,5.159295108,1.815266029
A,79,5623,FALSE,0.730760345,PGYPWPLYG,92.10386,1.7250578,5.192957604,0.9781255,7.896141,20.27027,FALSE,human,66,5.159295108,1.815266029
A,80,5606,FALSE,0.758441542,GYPWPLYGN,91.99073,1.676775,5.351409299,0.981091705,8.009275,19.821825,FALSE,human,66,5.159295108,1.815266029
A,81,5600,FALSE,0.776058403,YPWPLYGNE,91.83929,1.6785715,5.446428636,1.035714236,8.160714,20.568928,FALSE,human,66,5.159295108,1.815266029
A,82,5603,FALSE,0.658125364,PWPLYGNEG,93.09299,1.7490629,4.24772457,0.910226733,6.907014,21.44703,FALSE,human,66,5.159295108,1.815266029
A,83,5577,FALSE,1.955060706,WPLYGNEGC,58.11368,17.625963,23.09485367,1.165501155,41.88632,4.7517123,FALSE,human,66,5.159295108,1.815266029
A,84,5575,FALSE,1.958034992,PLYGNEGCG,58.098656,17.578476,23.10313883,1.21973096,41.901344,5.094178,FALSE,human,66,5.159295108,1.815266029
A,85,5564,FALSE,1.992613172,LYGNEGCGW,57.85406,17.577284,23.34651275,1.222142376,42.14594,5.117271,FALSE,human,66,5.159295108,1.815266029
A,86,5494,FALSE,1.965505114,YGNEGCGWA,58.081543,17.437204,23.24353801,1.2377139,41.918457,5.1671734,FALSE,human,66,5.159295108,1.815266029
A,87,5488,FALSE,1.97958472,GNEGCGWAG,58.108597,17.510933,23.17784201,1.202624016,41.8914,5.263158,FALSE,human,66,5.159295108,1.815266029
A,88,5484,FALSE,1.876438034,NEGCGWAGW,58.24216,18.198395,22.37417962,1.18526629,41.75784,5.1091704,FALSE,human,66,5.159295108,1.815266029
A,89,5480,FALSE,1.886503747,EGCGWAGWL,58.102192,18.266422,22.44525606,1.18613131,41.897808,5.1829267,FALSE,human,66,5.159295108,1.815266029
A,90,5477,FALSE,1.914716392,GCGWAGWLL,57.8784,18.331203,22.69490569,1.0954902,42.121597,5.0715218,FALSE,human,66,5.159295108,1.815266029
A,91,5464,FALSE,1.911508948,CGWAGWLLS,58.07101,18.356516,22.30966257,1.26281109,41.92899,5.543431,FALSE,human,66,5.159295108,1.815266029
A,92,5475,FALSE,0.555587923,GWAGWLLSP,94.757996,0.6210046,3.726027455,0.894977209,5.242009,30.662022,FALSE,human,66,5.159295108,1.815266029
A,93,5423,FALSE,0.711715176,WAGWLLSPR,92.84529,1.641158,4.591554382,0.9219989,7.1547112,24.484535,FALSE,human,66,5.159295108,1.815266029
A,94,5422,FALSE,0.713860621,AGWLLSPRG,93.06529,1.6230173,4.426410792,0.885282144,6.9347105,25,FALSE,human,66,5.159295108,1.815266029
A,95,5421,FALSE,0.684511001,GWLLSPRGS,93.432945,1.60487,4.00295149,0.95923256,6.5670543,25.842697,FALSE,human,66,5.159295108,1.815266029
A,96,5417,FALSE,0.679898142,WLLSPRGSR,93.05889,1.606055,4.33819452,0.996861708,6.9411116,25,FALSE,human,66,5.159295108,1.815266029
A,97,5410,FALSE,0.709001068,LLSPRGSRP,92.92052,1.6266174,4.417744992,1.035120184,7.079482,25.587467,FALSE,human,66,5.159295108,1.815266029
A,98,5311,FALSE,1.661570285,LSPRGSRPS,74.71286,9.244964,14.64884165,1.39333453,25.28714,9.605361,FALSE,human,66,5.159295108,1.815266029
A,99,5275,FALSE,1.653499782,SPRGSRPSW,74.65403,9.308057,14.57819932,1.459715719,25.345972,9.648467,FALSE,human,66,5.159295108,1.815266029
A,100,5269,FALSE,1.689932133,PRGSRPSWG,74.18865,9.147846,15.20212627,1.461377995,25.81135,9.485294,FALSE,human,66,5.159295108,1.815266029
A,1,4214,FALSE,1.972328281,MSTNPKPQR,100,0,0,0,0,0,FALSE,bat,66,5.159295108,1.815266029
A,2,4218,FALSE,2.607322822,STNPKPQRK,100,0,0,0,0,0,FALSE,bat,66,5.159295108,1.815266029
A,3,4289,FALSE,2.62187568,TNPKPQRKT,55.49079,21.520168,20.33107985,2.657962212,44.50921,10.162389,FALSE,bat,66,5.159295108,1.815266029
A,4,4292,FALSE,2.94869674,NPKPQRKTK,52.562912,20.666357,23.69524707,3.075489252,47.43709,11.100196,FALSE,bat,66,5.159295108,1.815266029
A,5,4424,FALSE,1.913575291,PKPQRKTKR,76.243225,7.617541,13.74321898,2.39602188,23.75678,16.745956,FALSE,bat,66,5.159295108,1.815266029
A,6,4441,FALSE,1.892525354,KPQRKTKRN,76.44675,7.7460027,13.44291839,2.36433246,23.553253,16.347992,FALSE,bat,66,5.159295108,1.815266029
A,7,4440,FALSE,1.95146968,PQRKTKRNT,75.74325,7.7927923,14.32432448,2.13963978,24.256758,15.413184,FALSE,bat,66,5.159295108,1.815266029
A,8,4506,FALSE,2.970861289,QRKTKRNTN,57.545494,14.403018,25.21083015,2.840657024,42.454506,12.232097,FALSE,bat,66,5.159295108,1.815266029
A,9,4564,FALSE,2.93297697,RKTKRNTNR,57.69062,14.636284,24.80280426,2.870289124,42.309376,12.0145,FALSE,bat,66,5.159295108,1.815266029
A,10,4621,FALSE,2.93099534,KTKRNTNRR,100,0,0,0,0,0,FALSE,bat,66,5.159295108,1.815266029
A,11,4682,FALSE,2.37254651,TKRNTNRRP,63.477146,16.146946,18.4109348,1.964972156,36.522854,10,FALSE,bat,66,5.159295108,1.815266029
A,12,4748,FALSE,2.881139708,KRNTNRRPQ,55.117947,15.332772,27.46419586,2.085088401,44.882057,9.103707,FALSE,bat,66,5.159295108,1.815266029
A,13,4772,FALSE,2.645087772,RNTNRRPQD,58.172672,14.606035,25.54484538,1.67644592,41.827328,8.316633,FALSE,bat,66,5.159295108,1.815266029
A,14,4878,FALSE,2.658806281,NTNRRPQDV,57.933582,13.714637,26.67076655,1.68101681,42.06642,7.94347,FALSE,bat,66,5.159295108,1.815266029
A,15,5103,FALSE,2.702149128,TNRRPQDVK,57.88752,13.031549,27.31726444,1.76366844,42.11248,7.910656,FALSE,bat,66,5.159295108,1.815266029
A,16,5127,FALSE,2.56270537,NRRPQDVKF,58.86483,13.711722,25.92159118,1.501852968,41.13517,6.9701276,FALSE,bat,66,5.159295108,1.815266029
A,17,5207,FALSE,1.563125222,RRPQDVKFP,77.01172,9.141541,12.80967948,1.037065464,22.988285,8.103592,FALSE,bat,66,5.159295108,1.815266029
A,18,5421,FALSE,1.54065247,RPQDVKFPG,77.107544,8.891349,13.07876813,0.922339,22.892456,7.8968577,FALSE,bat,66,5.159295108,1.815266029
A,19,5440,FALSE,1.552382972,PQDVKFPGG,77.05882,8.860293,13.16176497,0.9191177,22.941177,7.852564,FALSE,bat,66,5.159295108,1.815266029
A,20,5442,FALSE,1.596987791,QDVKFPGGG,76.90188,8.857038,13.10180089,1.139286952,23.098125,8.67144,FALSE,bat,66,5.159295108,1.815266029
A,21,5457,FALSE,0.972645043,DVKFPGGGQ,87.99707,5.2593,5.515851198,1.227780829,12.002933,16.183207,FALSE,bat,66,5.159295108,1.815266029
A,22,5465,FALSE,0.710201488,VKFPGGGQI,92.88198,1.5919487,4.336688007,1.189387095,7.118024,26.73522,FALSE,bat,66,5.159295108,1.815266029
A,23,5474,FALSE,0.60804546,KFPGGGQIV,94.42821,0.8586044,3.544026397,1.169163328,5.5717936,34.42623,FALSE,bat,66,5.159295108,1.815266029
A,24,5564,FALSE,0.532502866,FPGGGQIVG,95.34508,0.30553558,3.199137432,1.150251648,4.6549244,39.76834,FALSE,bat,66,5.159295108,1.815266029
A,25,5569,FALSE,0.49316206,PGGGQIVGG,95.63656,0.30526128,2.891003745,1.16717549,4.3634405,41.563786,FALSE,bat,66,5.159295108,1.815266029
A,26,5562,FALSE,0.49556716,GGGQIVGGV,95.59511,0.57533264,2.60697589,1.22258186,4.40489,42.040817,FALSE,bat,66,5.159295108,1.815266029
A,27,5579,FALSE,0.485218456,GGQIVGGVY,95.69815,0.34056282,2.832048701,1.129234617,4.301846,40.833332,FALSE,bat,66,5.159295108,1.815266029
A,28,5574,FALSE,1.265583479,GQIVGGVYL,73.32257,22.246143,2.96017221,1.471115834,26.67743,8.06994,FALSE,bat,66,5.159295108,1.815266029
A,29,5585,FALSE,1.341680769,QIVGGVYLL,72.35452,22.291853,3.88540731,1.468218446,27.645477,8.095856,FALSE,bat,66,5.159295108,1.815266029
A,30,5587,FALSE,1.300725871,IVGGVYLLP,72.81188,22.355469,3.43654908,1.396098132,27.188116,7.9657664,FALSE,bat,66,5.159295108,1.815266029
A,31,5585,FALSE,1.265849932,VGGVYLLPR,73.14234,22.327663,3.133393,1.396598034,26.857653,7.9333334,FALSE,bat,66,5.159295108,1.815266029
A,32,5586,FALSE,1.248603237,GGVYLLPRR,73.165054,22.413176,3.132832055,1.288936584,26.834944,7.338226,FALSE,bat,66,5.159295108,1.815266029
A,33,5585,FALSE,1.247956691,GVYLLPRRG,73.26768,22.381378,3.151298128,1.199641901,26.732319,6.965841,FALSE,bat,66,5.159295108,1.815266029
A,34,5589,FALSE,1.310397454,VYLLPRRGP,73.16157,21.5781,4.025764762,1.234567872,26.838434,7.133333,FALSE,bat,66,5.159295108,1.815266029
A,35,5584,FALSE,1.590296339,YLLPRRGPR,69.78868,20.630373,8.166189074,1.41475649,30.211317,7.5281568,FALSE,bat,66,5.159295108,1.815266029
A,36,5589,FALSE,1.746720908,LLPRRGPRL,68.18751,20.486671,9.787081648,1.538736768,31.812489,7.817773,FALSE,bat,66,5.159295108,1.815266029
A,37,5595,FALSE,1.008174745,LPRRGPRLG,88.739944,3.2350314,6.720285931,1.304736373,11.260054,18.412699,FALSE,bat,66,5.159295108,1.815266029
A,38,5597,FALSE,0.91804133,PRRGPRLGV,89.3693,3.3232088,6.0925496,1.214936688,10.630694,17.815126,FALSE,bat,66,5.159295108,1.815266029
A,39,5595,FALSE,1.053992572,RRGPRLGVR,87.93565,3.3065238,7.542448664,1.215370868,12.0643425,16.296295,FALSE,bat,66,5.159295108,1.815266029
A,40,5596,FALSE,1.262168179,RGPRLGVRA,85.16798,3.3416727,10.22158686,1.268763468,14.832023,13.9759035,FALSE,bat,66,5.159295108,1.815266029
A,41,5591,FALSE,1.96453766,GPRLGVRAT,74.602036,4.2031837,19.47773183,1.717045248,25.397963,10.985915,FALSE,bat,66,5.159295108,1.815266029
A,42,5585,FALSE,1.965645484,PRLGVRATR,74.395706,4.2076993,19.67770839,1.718889888,25.6043,10.699301,FALSE,bat,66,5.159295108,1.815266029
A,43,5586,FALSE,1.89833304,RLGVRATRK,74.90154,4.4396706,19.01181531,1.646974524,25.098461,10.699001,FALSE,bat,66,5.159295108,1.815266029
A,44,5626,FALSE,1.663009195,LGVRATRKT,77.79951,4.9057946,15.97938135,1.315321658,22.200499,10.328262,FALSE,bat,66,5.159295108,1.815266029
A,45,5627,FALSE,1.569938127,GVRATRKTS,78.92305,4.922694,14.80362477,1.35063096,21.07695,10.708262,FALSE,bat,66,5.159295108,1.815266029
A,46,5624,FALSE,1.590575285,VRATRKTSE,78.71622,4.907539,15.02489348,1.35135144,21.283785,10.776942,FALSE,bat,66,5.159295108,1.815266029
A,47,5624,FALSE,1.571226762,RATRKTSER,78.76956,4.907539,15.00711244,1.31578956,21.230442,10.636516,FALSE,bat,66,5.159295108,1.815266029
A,48,5631,FALSE,1.467759292,ATRKTSERS,79.91476,4.990233,13.83413246,1.260877285,20.085243,10.61008,FALSE,bat,66,5.159295108,1.815266029
A,49,5631,FALSE,1.318892796,TRKTSERSQ,82.09909,5.061268,11.73859015,1.10104777,17.900906,11.210318,FALSE,bat,66,5.159295108,1.815266029
A,50,5637,FALSE,0.613905523,RKTSERSQP,94.39418,0.76281714,3.973744968,0.869256717,5.6058187,29.746836,FALSE,bat,66,5.159295108,1.815266029
A,51,5651,FALSE,0.628276946,KTSERSQPR,94.284195,0.7432313,4.317819913,0.654751408,5.7158027,26.934984,FALSE,bat,66,5.159295108,1.815266029
A,52,5635,FALSE,0.889638552,TSERSQPRG,90.50577,2.8216503,5.927240512,0.745341618,9.494232,18.317757,FALSE,bat,66,5.159295108,1.815266029
A,53,5597,FALSE,0.828032514,SERSQPRGR,91.19171,2.9480078,5.00268002,0.857602368,8.8082905,20.486814,FALSE,bat,66,5.159295108,1.815266029
A,54,5594,FALSE,0.808977567,ERSQPRGRR,91.47301,2.949589,4.576331754,1.00107252,8.526994,22.012577,FALSE,bat,66,5.159295108,1.815266029
A,55,5572,FALSE,0.791281035,RSQPRGRRQ,91.54702,2.9612348,4.325197419,1.166547005,8.452979,22.717623,FALSE,bat,66,5.159295108,1.815266029
A,56,5570,FALSE,0.856988282,SQPRGRRQP,90.95152,2.9263914,4.829443464,1.292639112,9.048473,23.015873,FALSE,bat,66,5.159295108,1.815266029
A,57,5566,FALSE,0.860277643,QPRGRRQPI,90.909096,2.9464607,4.886812858,1.25763568,9.090909,22.529644,FALSE,bat,66,5.159295108,1.815266029
A,58,5567,FALSE,0.83083745,PRGRRQPIP,91.216095,2.9638944,4.562600994,1.25740972,8.783905,23.108383,FALSE,bat,66,5.159295108,1.815266029
A,59,5570,FALSE,0.91875351,RGRRQPIPK,90.44883,2.9443448,5.439856321,1.166965865,9.551167,21.992481,FALSE,bat,66,5.159295108,1.815266029
A,60,5559,FALSE,1.578397973,GRRQPIPKA,77.71182,9.444144,11.15308497,1.690951524,22.288181,12.348668,FALSE,bat,66,5.159295108,1.815266029
A,61,5571,FALSE,1.366398606,RRQPIPKAR,80.75749,9.585353,8.059594277,1.597558811,19.242506,13.619404,FALSE,bat,66,5.159295108,1.815266029
A,62,5562,FALSE,2.525423335,RQPIPKARR,54.530746,17.943186,25.24271861,2.283351415,45.469254,7.4337683,FALSE,bat,66,5.159295108,1.815266029
A,63,5539,FALSE,3.741551766,QPIPKARRP,34.211952,16.753927,46.14551433,2.888608,65.78805,7.1075735,FALSE,bat,66,5.159295108,1.815266029
A,64,5569,FALSE,4.206097392,PIPKARRPE,33.237564,15.388759,47.7823664,3.5913092,66.762436,9.144702,FALSE,bat,66,5.159295108,1.815266029
A,65,5586,FALSE,4.179727344,IPKARRPEG,33.22592,15.341926,47.78016429,3.651986988,66.77408,9.061662,FALSE,bat,66,5.159295108,1.815266029
A,66,5585,FALSE,4.288383597,PKARRPEGR,32.641003,15.255147,48.21844287,3.885407351,67.35899,9.463052,FALSE,bat,66,5.159295108,1.815266029
A,67,5563,FALSE,5.159295108,KARRPEGRT,21.37336,13.71562,59.715982,5.195038857,78.62664,10.791038,FALSE,bat,66,5.159295108,1.815266029
A,68,5564,FALSE,5.080293209,ARRPEGRTW,21.675053,13.767074,59.88497555,4.67289732,78.32494,9.981643,FALSE,bat,66,5.159295108,1.815266029
A,69,5573,FALSE,4.918043695,RRPEGRTWA,22.357796,13.744842,59.75237731,4.144984536,77.642204,9.174948,FALSE,bat,66,5.159295108,1.815266029
A,70,5570,FALSE,5.000342073,RPEGRTWAQ,22.351885,13.608618,59.87432631,4.165170472,77.64812,9.456647,FALSE,bat,66,5.159295108,1.815266029
A,71,5600,FALSE,4.315359723,PEGRTWAQP,24.571428,17.482141,54.7321431,3.21428556,75.428566,7.339015,FALSE,bat,66,5.159295108,1.815266029
A,72,5625,FALSE,3.43188766,EGRSWAQPG,29.866665,26.453335,41.31555697,2.364444474,70.13333,5.5006337,FALSE,bat,66,5.159295108,1.815266029
A,73,5625,FALSE,3.04216184,GRSWAQPGY,32.835556,28,37.38666608,1.7777778,67.164444,4.4732666,FALSE,bat,66,5.159295108,1.815266029
A,74,5628,FALSE,3.096229578,RSWAQPGYP,32.498222,27.914003,37.81094423,1.7768301,67.50178,4.632798,FALSE,bat,66,5.159295108,1.815266029
A,75,5626,FALSE,3.000201533,SWAQPGYPW,32.669746,28.261644,37.4688944,1.59971553,67.33025,4.250264,FALSE,bat,66,5.159295108,1.815266029
A,76,5641,FALSE,1.3628786,WAQPGYPWP,80.55309,8.012763,10.38822875,1.045913827,19.446907,9.206928,FALSE,bat,66,5.159295108,1.815266029
A,77,5636,FALSE,1.419828911,AQPGYPWPL,80.127754,7.966643,10.75230684,1.1533002,19.87225,9.732142,FALSE,bat,66,5.159295108,1.815266029
A,78,5628,FALSE,1.254600416,QPGYPWPLY,82.30277,7.960199,8.688699457,1.048329759,17.69723,9.638554,FALSE,bat,66,5.159295108,1.815266029
A,79,5623,FALSE,0.730760345,PGYPWPLYG,92.10386,1.7250578,5.192957604,0.9781255,7.896141,20.27027,FALSE,bat,66,5.159295108,1.815266029
A,80,5606,FALSE,0.758441542,GYPWPLYGN,91.99073,1.676775,5.351409299,0.981091705,8.009275,19.821825,FALSE,bat,66,5.159295108,1.815266029
A,81,5600,FALSE,0.776058403,YPWPLYGNE,91.83929,1.6785715,5.446428636,1.035714236,8.160714,20.568928,FALSE,bat,66,5.159295108,1.815266029
A,82,5603,FALSE,0.658125364,PWPLYGNEG,93.09299,1.7490629,4.24772457,0.910226733,6.907014,21.44703,FALSE,bat,66,5.159295108,1.815266029
A,83,5577,FALSE,1.955060706,WPLYGNEGC,58.11368,17.625963,23.09485367,1.165501155,41.88632,4.7517123,FALSE,bat,66,5.159295108,1.815266029
A,84,5575,FALSE,1.958034992,PLYGNEGCG,58.098656,17.578476,23.10313883,1.21973096,41.901344,5.094178,FALSE,bat,66,5.159295108,1.815266029
A,85,5564,FALSE,1.992613172,LYGNEGCGW,57.85406,17.577284,23.34651275,1.222142376,42.14594,5.117271,FALSE,bat,66,5.159295108,1.815266029
A,86,5494,FALSE,1.965505114,YGNEGCGWA,58.081543,17.437204,23.24353801,1.2377139,41.918457,5.1671734,FALSE,bat,66,5.159295108,1.815266029
A,87,5488,FALSE,1.97958472,GNEGCGWAG,58.108597,17.510933,23.17784201,1.202624016,41.8914,5.263158,FALSE,bat,66,5.159295108,1.815266029
A,88,5484,FALSE,1.876438034,NEGCGWAGW,58.24216,18.198395,22.37417962,1.18526629,41.75784,5.1091704,FALSE,bat,66,5.159295108,1.815266029
A,89,5480,FALSE,1.886503747,EGCGWAGWL,58.102192,18.266422,22.44525606,1.18613131,41.897808,5.1829267,FALSE,bat,66,5.159295108,1.815266029
A,90,5477,FALSE,1.914716392,GCGWAGWLL,57.8784,18.331203,22.69490569,1.0954902,42.121597,5.0715218,FALSE,bat,66,5.159295108,1.815266029
A,91,5464,FALSE,1.911508948,CGWAGWLLS,58.07101,18.356516,22.30966257,1.26281109,41.92899,5.543431,FALSE,bat,66,5.159295108,1.815266029
A,92,5475,FALSE,0.555587923,GWAGWLLSP,94.757996,0.6210046,3.726027455,0.894977209,5.242009,30.662022,FALSE,bat,66,5.159295108,1.815266029
A,93,5423,FALSE,0.711715176,WAGWLLSPR,92.84529,1.641158,4.591554382,0.9219989,7.1547112,24.484535,FALSE,bat,66,5.159295108,1.815266029
A,94,5422,FALSE,0.713860621,AGWLLSPRG,93.06529,1.6230173,4.426410792,0.885282144,6.9347105,25,FALSE,bat,66,5.159295108,1.815266029
A,95,5421,FALSE,0.684511001,GWLLSPRGS,93.432945,1.60487,4.00295149,0.95923256,6.5670543,25.842697,FALSE,bat,66,5.159295108,1.815266029
A,96,5417,FALSE,0.679898142,WLLSPRGSR,93.05889,1.606055,4.33819452,0.996861708,6.9411116,25,FALSE,bat,66,5.159295108,1.815266029
A,97,5410,FALSE,0.709001068,LLSPRGSRP,92.92052,1.6266174,4.417744992,1.035120184,7.079482,25.587467,FALSE,bat,66,5.159295108,1.815266029
A,98,5311,FALSE,1.661570285,LSPRGSRPS,74.71286,9.244964,14.64884165,1.39333453,25.28714,9.605361,FALSE,bat,66,5.159295108,1.815266029
A,99,5275,FALSE,1.653499782,SPRGSRPSW,74.65403,9.308057,14.57819932,1.459715719,25.345972,9.648467,FALSE,bat,66,5.159295108,1.815266029
A,100,5269,FALSE,1.689932133,PRGSRPSWG,74.18865,9.147846,15.20212627,1.461377995,25.81135,9.485294,FALSE,bat,66,5.159295108,1.815266029
